{
    "\"berkat-berkat": [
        "\"بركت-بركت",
        "\"بركتا-بركت",
        "\"بركتب-ركت",
        "\"بركت-بركات",
        "\"بركتو-بركت",
        "\"بركتي-بركت",
        "\"بركت-بركتا",
        "ببركت-بركت",
        "\"بركت-ربكت",
        "\"بركتوب-ركت"
    ],
    "\"bugis": [
        "\"بوڬيس",
        "\"ڬوڬيس",
        "\"بڬيس",
        "\"\"وڬيس",
        "\"بوڬيس\"",
        "\"بيڬيس",
        "\"بوڬيسء",
        "\"باوڬيس",
        "\"ڬوبيس",
        "\"بوڬيسك"
    ],
    "\"hard-boiled": [
        "\"هرد-بويليد",
        "\"هرد-بويلد",
        "\"هرد-بويلايد",
        "\"هرد-بويليدد",
        "\"هرد-بويليدڬ",
        "\"هرد-بوليليد",
        "\"هرد-بويليدي",
        "\"هرد-بوالد",
        "\"هرد-بويليدت",
        "\"هرد-بويليداي"
    ],
    "\"im": [
        "\"ايم",
        "\"عيم",
        "عايم",
        "\"ام",
        "\"عام",
        "\"ايمي",
        "عام",
        "ع\"يم",
        "\"إيم",
        "\"ايمب"
    ],
    "\"kearah": [
        "\"كاره",
        "\"كارح",
        "\"كعره",
        "\"كااره",
        "\"كاصره",
        "\"كعاره",
        "\"كأره",
        "\"قاره",
        "\"كاصرح",
        "\"كاراه"
    ],
    "\"kepimpinan": [
        "\"كڤيمڤينن",
        "\"كڤيمڤينان",
        "كڤكيمڤينن",
        "\"كڤيڤمينن",
        "\"كڤايمڤينن",
        "ككڤيمڤينن",
        "كڤيڤمڤينن",
        "\"كڤينڤينن",
        "\"كڤيومڤينن",
        "\"كڤيمڤيانن"
    ],
    "\"penulisan\"": [
        "\"ڤنوليسن\"",
        "\"ڤنولاسن\"",
        "\"ڤنوليسان\"",
        "\"ڤنولعيسن\"",
        "\"ڤنولاسان\"",
        "\"ڤينوليسن\"",
        "\"ڤنولعيسان\"",
        "\"ڤنوليسن",
        "\"ڤنوليثن\"",
        "\"ڤنولسان\""
    ],
    "\"petrarch's": [
        "\"ڤيترارچهءس",
        "\"ڤيترارچهسءس",
        "\"ڤيتراچچهءس",
        "\"ڤيتراچفهسء",
        "\"ڤيتراچرهءس",
        "\"ڤيتراچفشء",
        "\"ڤيتراچهءس",
        "\"ڤيتراچرشءس",
        "\"ڤيتراچفيسء",
        "\"ڤيترارچهسء"
    ],
    "\"sabitan\"": [
        "\"سابيتن\"",
        "\"سبيتن\"",
        "\"صبيتن\"",
        "\"ساڬيتن\"",
        "\"صابيتن\"",
        "\"سابيتان\"",
        "\"صوبيتن\"",
        "\"صابتن\"",
        "\"بابيتن\"",
        "\"سابيطن\""
    ],
    "\"starlight": [
        "\"ستارليغت",
        "\"ستارليڬهت",
        "\"ستارليجهت",
        "\"ستارليهت",
        "\"ستارليضهت",
        "\"ستارلاغت",
        "\"ستارليشڬ",
        "\"ستارليغث",
        "\"ستارليطات",
        "\"ستارليشت"
    ],
    "\"suai\"": [
        "\"سواي\"",
        "\"سواا\"",
        "\"سؤاي\"",
        "\"سؤاا\"",
        "\"سوايۏ",
        "\"سواإ\"",
        "\"سوأي\"",
        "\"سياءي\"",
        "\"سياا\"",
        "\"سوائ\""
    ],
    "\"tangyuan\"": [
        "\"تڠيوان\"",
        "\"تڠيون\"",
        "\"تڠياوان\"",
        "\"تڽڬوان\"",
        "\"تاڠيوان\"",
        "\"تڠيوأن\"",
        "\"تنڬيوان\"",
        "\"تڠيوڠن\"",
        "\"تڠيوئن\"",
        "\"تڠياون\""
    ],
    "\"tutmonda": [
        "\"توتموندا",
        "\"توتموند",
        "\"توتمونضا",
        "\"توتنوندا",
        "\"توتمون-اد",
        "\"توتموندال",
        "\"توتنومدا",
        "\"توتمونداي",
        "\"توتمونداا",
        "\"توتماوندا"
    ],
    "''\"allah": [
        "ءء\"الله",
        "ءءءالله",
        "ءءعالله",
        "ءء\"ا الله",
        "ءء\"اله",
        "ءء\"ال اله",
        "ءءع\"لله",
        "ءء\"الص",
        "ءء\"االله",
        "ءء\"اللة"
    ],
    "''\"hujan": [
        "ءء\"هوجن",
        "ءءءهوجن",
        "ءءههوجن",
        "ءءهضوجن",
        "ءءهغوجن",
        "ءء\"حاوجن",
        "ءءإهوجن",
        "ءءهحوجن",
        "ءءظهاوجن",
        "ءء\"هوجڠ"
    ],
    "'''\"penakut\"'''": [
        "ءءء\"ڤناكوت\"ءءء",
        "ءء\"ءڤناكوت\"ءءء",
        "ءء\"\"ڤناكوت\"ءءء",
        "ءءء\"ڤناقوت\"ءءء",
        "ءءءءڤناكوت\"ءءء",
        "ءءء\"ڤنابوت\"ءءء",
        "ءءء\"ڤينكوت\"ءءء",
        "ءءء\"ڤينقاوت\"ءءء",
        "ءءء\"ڤناكوتۏءءء",
        "ءءء\"ڤيناكوت\"ءءء"
    ],
    "'''''la": [
        "ءءءءءلا",
        "ءءءءءل",
        "ءءءءءلاڬ",
        "ءءءءءلات",
        "ءءءءلا",
        "ءءءءءلاا",
        "ءءءءءتا",
        "ءءءءءلت",
        "ءءءءءلى",
        "ءءءءءلاد"
    ],
    "'''bestie'''": [
        "ءءءبيستيايءءء",
        "ءءءبستيايءءء",
        "ءءبستيايءءء",
        "ءءءسيستيايءءء",
        "ءءءبيستاايءءء",
        "ءءبءستيايءءء",
        "ءءءبيستيايءءءا",
        "ءءببستيايءءء",
        "ءءءسبتيايءءء",
        "ءءبيستيايءءء"
    ],
    "'''grima": [
        "ءءءڬريما",
        "ءءءڬريم",
        "ءءءڬريماء",
        "ءءءجريما",
        "ءءءڬريما\"",
        "ءءءڬرما",
        "ءءءغريما",
        "ءءءڬريمها",
        "ءءءڬروما",
        "ءءءڬريماا"
    ],
    "'''groupon'''": [
        "ءءءڬروڤونءءء",
        "ءءءڬروڤوانءءء",
        "ءءءڬروڤواونءءء",
        "ءءءڬروڤاونءءء",
        "ءءءڬرواوڤونءءء",
        "ءءءڤروڤونءءء",
        "ءءءڬروڤونءءءء",
        "ءءءڬروأوڤونءءء",
        "ءءءڬروءڤونءءء",
        "ءءءڬروأڤونءءء"
    ],
    "'''hukum-hakam": [
        "ءءءحكوم-حكام",
        "ءءءحكوم-حاكم",
        "ءءءحكومح-كام",
        "ءءءهوكوم-حكام",
        "ءءءخكوم-حكام",
        "ءءءحكوم-حكم",
        "ءءءحكوم-حاكام",
        "ءءءحكوم-حقام",
        "ءءءحكوم-هاكم",
        "ءءءحكوم-هاكام"
    ],
    "'''injap": [
        "ءءءينجڤ",
        "ءءءيناجڤ",
        "ءءءيندڤ",
        "ءءءينڤاڤ",
        "ءءءينڤاد",
        "ءءءاينجڤ",
        "ءءءنجاڤ",
        "ءءءينڤاك",
        "ءءءيناڤ",
        "ءءءاينڤج"
    ],
    "'''kwsp'''": [
        "ءءءقوسڤءءء",
        "ءءءقوسڤيءءء",
        "ءءءقيوسڤءءء",
        "ءءءقوسڤڤءءء",
        "ءءءقيسسڤءءء",
        "ءءءقوسڤبءءء",
        "ءءءقوسڤيڤءءء",
        "ءءءقيسڤءءء",
        "ءءءقوسڤءءءء",
        "ءءءكوسڤءءء"
    ],
    "'''mahmudiah'''": [
        "ءءءمهموديهءءء",
        "ءءءمحموديهءءء",
        "ءءءمهمودياهءءء",
        "ءءءمهمضيهءءء",
        "ءءءمهمؤدهءءء",
        "ءءعمهموديهءءء",
        "ءءءمهمديهءءء",
        "ءءءمهمحدهءءء",
        "ءءءمحمديهءءء",
        "ءءءمهمودايهءءء"
    ],
    "'''makaveli'''": [
        "ءءءمكۏيليءءء",
        "ءءءماكۏيليءءء",
        "ءءءمكۏليءءء",
        "ءءءمقاۏيليءءء",
        "ءءءمكاۏيليءءء",
        "ءءءمكڬۏيليءءء",
        "ءءءمكڤزيليءءء",
        "ءءءمكڬنيليءءء",
        "ءءءمكڤيليءءء",
        "ءءءمكڤۏيليءءء"
    ],
    "'''murad": [
        "ءءءمراد",
        "ءءءمررد",
        "ءءءمرد",
        "ءءءمرود",
        "ءءءمرصد",
        "ءءءمورد",
        "ءءعمراد",
        "ءءءمصرد",
        "ءءءمرادد",
        "ءءءمرادس"
    ],
    "'''nanjangud'''": [
        "ءءءننجڠودءءء",
        "ءءءننجاڠودءءء",
        "ءءءننجنڬودءءء",
        "ءءءننجڠاودءءء",
        "ءءءننجنودءءء",
        "ءءءننجناڬودءءء",
        "ءءءننجڽودءءء",
        "ءءءننجڠودءء",
        "ءءءننجنوڬدءءء",
        "ءءءننجنوڬءءء"
    ],
    "'''negasi'''": [
        "ءءءنڬاسيءءء",
        "ءءءنڬساءءء",
        "ءءءنڬاساءءء",
        "ءءءڠياسيءءء",
        "ءءءنيڬسيءءء",
        "ءءءنڬاسياءءء",
        "ءءءڠيساءءء",
        "ءءءنڬسيءءء",
        "ءءءنڬاسيءءءء",
        "ءءءنڬاسيءءءا"
    ],
    "'''saarland'''": [
        "ءءءساعرلندءءء",
        "ءءءساعرلندءء",
        "ءءءساارلندءءء",
        "ءءءساءرلندءء",
        "ءءءسأرلندءءء",
        "ءءءسعرلندءءء",
        "ءءءساءرلندءءء",
        "ءءءسأرراندءءء",
        "ءءءساعرلاندءءء",
        "ءءءسعرلاندءءء"
    ],
    "'''sasha'''": [
        "ءءءسسهاءءء",
        "ءءءسسهاڤءء",
        "ءءءصصحاءءء",
        "ءءءسصهاءءء",
        "ءءءسصحاءءء",
        "ءءسسسهاءءء",
        "ءءءسسهاءءءء",
        "ءءءسشاءءء",
        "ءءءسسهاوءءء",
        "ءءءسسهاءءءا"
    ],
    "''andrea": [
        "ءءاندريا",
        "ءءندريا",
        "ءءيندريا",
        "ءءاندرياس",
        "ءءاندريان",
        "ءءاندرياي",
        "ءءاندرياا",
        "ءءاندرياد",
        "ءءاندريار",
        "ءءانردا"
    ],
    "''argyll''": [
        "ءءارڬيللءء",
        "ءءالڬيللءء",
        "ءءارغيللءء",
        "ءءالجيللءء",
        "ءءاڠيڬللءء",
        "ءءالريللءء",
        "ءءارڬيللءءء",
        "ءءارڬيلليءء",
        "ءءاڠريللءء",
        "ءءاليڬيللءء"
    ],
    "''cair''": [
        "ءءچايرءء",
        "ءءچأيرءء",
        "ءءكايرءء",
        "ءءچايرءءس",
        "ءءءايرءء",
        "ءءچايكرءء",
        "ءءچايرءءد",
        "ءءچايبرءء",
        "ءءچايدءء",
        "ءءچايلءء"
    ],
    "''cross-over''": [
        "ءءكروسس-اوۏرءء",
        "ءءكروسس-اوۏيرءء",
        "ءءكروسس--اوۏرءء",
        "ءءكروسس-أوۏيرءء",
        "ءءكروسس-اوۏرء",
        "ءءچروسس-اوۏرءء",
        "ءءكروسس-أوۏرءء",
        "ءءكروسس-اوۏرء\"",
        "ءءكروسس--اوۏيرءء",
        "ءءكروسس-ا-ۏيرءء"
    ],
    "''ejen": [
        "ءءايجين",
        "ءءايجان",
        "ءءايجن",
        "ءءايكين",
        "ءءايزين",
        "ءءايجيان",
        "ءءاجان",
        "ءءايجيڠ",
        "ءءايجينك",
        "ءاءيجين"
    ],
    "''gonryomaru''": [
        "ءءڬونرياوماروءء",
        "ءءڬونريعمراوءء",
        "ءءڬونرياومراوءء",
        "ءءڠونرياوماروءء",
        "ءءڠورنيومروءء",
        "ءءڬونرياوماراوءء",
        "ءءڬونريومروءء",
        "ءءڬونريومراوءء",
        "ءءڬونريعمروءء",
        "ءءڬونرياومروءء"
    ],
    "''hank": [
        "ءءهنق",
        "ءءهانق",
        "ءءحانق",
        "ءءحنق",
        "ءههق",
        "ءههقق",
        "ءءهڠك",
        "ءءهنك",
        "ءههنق",
        "ءعهنق"
    ],
    "''majmoo'": [
        "ءءمجمواوء",
        "ءءمجموسء",
        "ءءمجموءس",
        "ءءمجموء",
        "ءءمجموءاوء",
        "ءءمجموءاو",
        "ءءمجموءء",
        "ءءمجموبء",
        "ءءمجموعء",
        "ءءمجمودء"
    ],
    "''negro''": [
        "ءءنيڬروءء",
        "ءءنڬروءء",
        "ءءنيڠروءء",
        "ءءنجڬروءء",
        "ءءنيجروءء",
        "ءءنجروءء",
        "ءءنيڬروءءا",
        "ءءايڠروءء",
        "ءءنيڬروءءء",
        "ءءڠيرڬوءء"
    ],
    "''patriotism''": [
        "ءءڤاتريوتيسمءء",
        "ءءڤتريوتيسمءء",
        "ءءڤاترويتيسمءء",
        "ءءڤاتريوتيسم\"ءء",
        "ءڤءتريوتيسمءء",
        "ءءڤاترواتيسمءء",
        "ءءڤاتريوتاسمءء",
        "ءءڤاتريوتيسمىءء",
        "ءءڤتريوتاسمءء",
        "ءءڤترواوتيسمءء"
    ],
    "''prodromus''": [
        "ءءڤرودروموسءء",
        "ءڤڤرودروموسءء",
        "ءءڤرودريوموسءء",
        "ءءڤرودروموصءء",
        "ءءڤرودروماسءء",
        "ءءڤرودروموسءءا",
        "ءءڤرودوروموسءء",
        "ءءڤرودرموموسءء",
        "ءءڤرودروماوسءء",
        "ءءڤرودروميوسءء"
    ],
    "''raihan": [
        "ءءريحان",
        "ءءرايهن",
        "ءءرايحن",
        "ءءريهن",
        "ءءريهان",
        "ءءريوهن",
        "ءءرايهان",
        "ءءريوإن",
        "ءءرايحان",
        "ءءرعيهن"
    ],
    "''rompak''": [
        "ءءرومڤقءء",
        "ءءرومڤاقءء",
        "ءءرومڤاكءء",
        "ءءرومڤكءء",
        "ءءروڤمقءء",
        "ءءرومڤقء",
        "ءءرومڤخءء",
        "ءءرومڤقءءا",
        "ءءرومڤقءءء",
        "ءءرومڤق\"ء"
    ],
    "''samarkand''": [
        "ءءسامركندءء",
        "ءءسامركاندءء",
        "ءءسانركندءء",
        "ءسامركندءء",
        "ءءسمركندءء",
        "ءءسامركندءءا",
        "ءءصمركندءء",
        "ءءسامركندءءء",
        "ءءسامركندءءد",
        "ءءسامركندء"
    ],
    "''teh-halia''": [
        "ءءتيه-هلياءء",
        "ءءتيه-هالياءء",
        "ءءتيه-حلياءء",
        "ءءتيه-حالياءء",
        "ءءتيه-هلايءء",
        "ءءته-هلياءء",
        "ءءتيح-هلياءء",
        "ءءتيه-حالايءء",
        "ءءتيه-هليعءء",
        "ءءتيه-حلايءء"
    ],
    "''varicella": [
        "ءءۏاريچللا",
        "ءءۏاريچسللا",
        "ءءۏاريچيللا",
        "ءء\"اريچللا",
        "ءءۏاريۏيللا",
        "ءء\"اريچيللا",
        "ءءۏاريچللاڬ",
        "ءءۏاريۏللا",
        "ءء\"يريچللا",
        "ءءڤاريچللا"
    ],
    "''vinyl": [
        "ءءۏينيل",
        "ءءۏيڽل",
        "ءءيۏينل",
        "ءءۏيڠيل",
        "ء\"ۏينيل",
        "ءءۏيينيل",
        "ءءينيل",
        "ءءۏيڽ ال",
        "ءءيۏنيل",
        "ءءيينيل"
    ],
    "''zoetrope''": [
        "ءءزوايتروڤيءء",
        "ءءذوايتروڤيءء",
        "ءءظوايتروڤيءء",
        "ءءظاويتروڤيءء",
        "ءءزوايتلوڤيءء",
        "ءءزوايتروديءء",
        "ءءزوايتروڬيڤءء",
        "ءءجوايتروڤيءء",
        "ءءزوايتروڤءء",
        "ءءزويتروڤيءء"
    ],
    "agamamu\"": [
        "اڬاممو\"",
        "اڬامامو\"",
        "أڬامامو\"",
        "اڬمامو\"",
        "اڬامماو\"",
        "أڬاممو\"",
        "اڬاماماو\"",
        "اڬامأمو\"",
        "أڬمامو\"",
        "اڬأممو\""
    ],
    "al-qashash": [
        "القشاش",
        "القشاسه",
        "القاسهسه",
        "القصهسه",
        "القصاش",
        "القصغسه",
        "القشارسه",
        "القشاص",
        "القاشش",
        "القوسهسه"
    ],
    "amleto": [
        "عاملتو",
        "عامليتو",
        "عملتو",
        "عاملت",
        "املتو",
        "عاملتي",
        "عالميتو",
        "عاملتيو",
        "عالمتو",
        "عاملتچ"
    ],
    "apabilasahaja": [
        "اڤابيلاسهاج",
        "اڤبيلاسهاج",
        "اڤبيلسهاج",
        "اڤبيلساهجا",
        "اڤبيلسأهاج",
        "اڤابيلسهاج",
        "اڤبيلساهاج",
        "اڤبيلسأحاج",
        "اڤبيلسهاجا",
        "اڤابيلاسهاجا"
    ],
    "asal-usulmu\"": [
        "اصل-اصولمو\"",
        "اصل-السولمو\"",
        "اصل-اسالمو\"",
        "اصل-اسولمو\"",
        "أصل-اصولمو\"",
        "اصلا-اصولمو\"",
        "اصل-أصولمو\"",
        "اصل-الصولمو\"",
        "اصل-اسمولمو\"",
        "اصل-الاسولم"
    ],
    "asele": [
        "اسيلي",
        "اسيل",
        "اسل",
        "اسيلاي",
        "اسلي",
        "اسلس",
        "اسلل",
        "اصيلي",
        "اسلت",
        "اسلڬ"
    ],
    "asiatique''": [
        "اسيعتيقايءء",
        "اسياتيقويءء",
        "اسيعتيقويءء",
        "اسيعتيقايء",
        "اصيعتيقايءء",
        "اصياتيقويءء",
        "اسياتيقوايءء",
        "اسياتيقايءء",
        "اسيعتيقيءء",
        "اشياتيقويءء"
    ],
    "audiology": [
        "اءوديولوڬي",
        "اءودياولوڬي",
        "اءوديولاوڬي",
        "اوديولوڬي",
        "اعديولوڬي",
        "أديولوڬي",
        "عودياولوڬي",
        "اعضياولوڬي",
        "اءيديولوڬي",
        "اعدياولوڬي"
    ],
    "baalbek": [
        "باالبيك",
        "باالبك",
        "باالبيق",
        "بأالبيك",
        "باالبن",
        "باالبنق",
        "بألبيك",
        "باالبي",
        "بعلبيك",
        "باالبن\""
    ],
    "badinter": [
        "بادينتر",
        "بدينتر",
        "بدنتر",
        "بادينترك",
        "باديڠنر",
        "بآدينتر",
        "بادنتر",
        "بيدينتر",
        "بداينتر",
        "باڬينتر"
    ],
    "bahawa--": [
        "بهاوا--",
        "بهاو--",
        "زهاوا--",
        "زباوا--",
        "البها--",
        "البهاو--",
        "البحا--",
        "زوهاو--",
        "زبهاو--",
        "الباو--"
    ],
    "bbahkan": [
        "ببهكن",
        "برعهكن",
        "بربنكن",
        "برعنكن",
        "برءهكن",
        "برهكن",
        "برعنكين",
        "بربهكن",
        "برعاهكن",
        "بربحكن"
    ],
    "becha''": [
        "بيچهاءء",
        "بچهاءء",
        "بيچشءء",
        "بچءء",
        "بيچهايءء",
        "بيچاءء",
        "بچچءء",
        "بيڤهاءء",
        "بيچهاءءء",
        "بچشءء"
    ],
    "belarusy": [
        "بلاروسي",
        "بيلاروسي",
        "بلاروش",
        "بيلاروش",
        "بلراسي",
        "بلارش",
        "بيلارش",
        "بلاروسيه",
        "بلاروسيهي",
        "بيلاروسيهي"
    ],
    "benoist": [
        "بنواست",
        "بينواست",
        "بنويست",
        "بنواستا",
        "بنواستس",
        "بنواثت",
        "\"نواست",
        "بنواست\"",
        "بنوايست",
        "بنوآت"
    ],
    "berfotosintesis": [
        "برفوتوسينتيسيس",
        "برفوتوسينتسيس",
        "برفوتوسينتيسي",
        "برفوتوسينترسيس",
        "برفوتوسينتيسياس",
        "برفوتوساينتيسيس",
        "برفوتوسينتايسيس",
        "برفوتوسينتليسي",
        "برفوتوسنيتسيس",
        "برفوتوسينتليسيس"
    ],
    "bolehkan": [
        "بوليهكن",
        "بولهكن",
        "بوليحكن",
        "بولإيهكن",
        "\"وليهكن",
        "بلهكن",
        "بلهيككن",
        "بويليهكن",
        "بلحايككن",
        "بولايهكن"
    ],
    "brancai''": [
        "برانچايءء",
        "برانچإيءء",
        "برانچيءء",
        "براچناءيءء",
        "برانچاءيءء",
        "برانچأيءء",
        "براانچايءء",
        "برانچياءء",
        "برانچااءء",
        "برانچعيءء"
    ],
    "brenan": [
        "برينن",
        "برينان",
        "برين",
        "بريانن",
        "برينني",
        "برينين",
        "برينتن",
        "بريننن",
        "برينن",
        "برينند"
    ],
    "buta-nya": [
        "بوتا-ڽ",
        "بوتاڽ-ا",
        "بوت-ڽ",
        "بوتا-ڽا",
        "بيتا-ڽ",
        "بوتا--ڽ",
        "بوتا-نيا",
        "بوطا-ڽ",
        "بوتاڽ-",
        "بطت-ڽ"
    ],
    "butl": [
        "بوتل",
        "بوطل",
        "بيوتل",
        "بولت",
        "بلتل",
        "بوتلل",
        "بوتلس",
        "بوتلر",
        "بيتل",
        "بوتلك"
    ],
    "carpetbagger": [
        "چرڤيتبڬڬر",
        "چرڤيتباڬڬر",
        "چرڤتبڬڬر",
        "چرڤايتبڬڬر",
        "چرڤيتبڠڬر",
        "چرڤتباڬڬر",
        "چرڤيتڬبڬر",
        "چارڤيتبڬڬر",
        "چرڤتڬبڬر",
        "چرڤيتبڬڬير"
    ],
    "chatelet": [
        "چتيليت",
        "چتليت",
        "چتايليت",
        "چتيلية",
        "چتلت",
        "چتيلي",
        "چتكليت",
        "چتٓلت",
        "تچيليت",
        "چتيليايت"
    ],
    "dammers": [
        "دممرس",
        "داممرس",
        "آممرس",
        "ضممرس",
        "ضاممرس",
        "دعاممرس",
        "دممرسس",
        "دممرسب",
        "دممرس\"",
        "دمفرس"
    ],
    "darpana": [
        "درڤان",
        "درڤانا",
        "درڤن",
        "درڤنا",
        "درڤانت",
        "درڤانل",
        "درڤانڬ",
        "درڤاكن",
        "درڤانس",
        "درڤا"
    ],
    "dato'satim": [
        "داتوءساتيم",
        "داتوءستيم",
        "داتوءصوتيم",
        "داتوءصاطم",
        "دتوءساتيم",
        "داتوءاستيم",
        "داتوءصطيم",
        "داتوءصتيم",
        "داتوءا تاي عيم",
        "داتوءا تايم"
    ],
    "ddeog": [
        "دديوڬ",
        "ددييوڬ",
        "دداوڬ",
        "ددياوڬ",
        "ددتوڬ",
        "ددوڬ",
        "ددڬوڬ",
        "دديوڬر",
        "دديڬوڬ",
        "دديوغ"
    ],
    "deerwester": [
        "دييرويستر",
        "دييرويستير",
        "ديرويستر",
        "ديرويستير",
        "دييرويستار",
        "ديرويستار",
        "دييورويستر",
        "دارويستر",
        "ديارويستر",
        "دييرويستن"
    ],
    "diak": [
        "دأك",
        "داك",
        "دياك",
        "ديق",
        "داق",
        "دايك",
        "دأق",
        "دااك",
        "داأك",
        "دياق"
    ],
    "dusta": [
        "دوستا",
        "دوستاا",
        "دوثتا",
        "دوستاق",
        "دوستاڬ",
        "دوست",
        "دوستا\"",
        "ديستا",
        "دوستى",
        "دوستال"
    ],
    "eksiden": [
        "ايكسيدن",
        "ايكسيدان",
        "ايكسيد",
        "ايكصيدن",
        "ايك سايدين",
        "ايكسيدين",
        "ايكسيددين",
        "ايكسادن",
        "ايكصيدان",
        "ايكسيدڠين"
    ],
    "emmet's": [
        "اممتءس",
        "ايممتءس",
        "امميتءس",
        "اممتس",
        "اممتسء",
        "اممتچس",
        "اممثء",
        "ايمميتءس",
        "ام\"يتءس",
        "امفيتءس"
    ],
    "explained": [
        "ايايك س ڤيلاينيد",
        "ايايك س ڤيلأينيد",
        "ايايك س ڤيلاينايد",
        "ايايك س ڤلاينيد",
        "ايايك س ڤيلايند",
        "ايايك س سلاينيد",
        "ايايك س ڤيلأينايد",
        "ايايك س ڤيلاينيداي",
        "ايايك س ڤيلاين",
        "ايايك س ڤيلعينيد"
    ],
    "ezel": [
        "ايزيل",
        "ايذيل",
        "إيزيل",
        "ايظل",
        "ايظزي",
        "ايظايل",
        "إزيل",
        "ايظزل",
        "أيزيل",
        "ئزيل"
    ],
    "fabruari": [
        "فابرواري",
        "فبرواري",
        "فابروارو",
        "فابروارا",
        "فابروار",
        "فوبرواري",
        "فربواري",
        "فابورواري",
        "فابرواروي",
        "فيبرواري"
    ],
    "feldmanandrew": [
        "فيلدمانندريو",
        "فيلدمانندرو",
        "فيلدمنندريو",
        "فيلدماناندريو",
        "فيلدمناندريو",
        "فيلدمانندريوو",
        "فيلضمانندريو",
        "فيلدمانندر",
        "فيلدمانندريوجو",
        "فيلدمانندريوڬو"
    ],
    "ffas": [
        "ففاس",
        "ففس",
        "ففاسس",
        "ففسس",
        "ففسد",
        "ففص",
        "ففيس",
        "ففاسد",
        "ففاسس",
        "ففاسب"
    ],
    "filtration": [
        "فيلتراشن",
        "فيلترشن",
        "فولتراشن",
        "فيلترأشن",
        "فيلتراتياون",
        "فيلتراشڽ",
        "فيلتراثياون",
        "فيلتراشين",
        "فيلتراشنا",
        "فيلتراشن"
    ],
    "fjp": [
        "فجڤ",
        "فجڤب",
        "فجڤو",
        "فجڤد",
        "فجڤڬ",
        "فاجڤ",
        "فجڤ٢",
        "فجڤق",
        "فجڤي",
        "فجڤل"
    ],
    "forening": [
        "فورينيڠ",
        "فورينايڠ",
        "فورينينڬ",
        "فورينيڠي",
        "ڤورينيڠ",
        "فوريانيڠ",
        "فوراينايڠ",
        "فوريڠينڬ",
        "فورانيڠ",
        "فوريانايڠ"
    ],
    "freston": [
        "فريستون",
        "فيريستون",
        "\"ريستون",
        "ڤريستون",
        "فريستاون",
        "فريستونن",
        "فريستونچ",
        "فريستوان",
        "فريستيون",
        "فريستونك"
    ],
    "girls\"": [
        "ڬيرلس\"",
        "ڬيلرس\"",
        "ڬيرلسب",
        "ڬير سلس\"",
        "ڬيرلس\"\"",
        "ڬير سل\"",
        "ڬيرسل\"",
        "ڬير سلب",
        "ڬيرلس\"ا",
        "ڬير لس\""
    ],
    "ha-kodesh''": [
        "ها-كوديسهءء",
        "ها-كوديشءء",
        "ها-كودسهءء",
        "ها-كوديسءهء",
        "حا-كوديسهءء",
        "ها-كودشءء",
        "ها-كوديثءء",
        "ها-كوديثهءء",
        "ها-كودسءءء",
        "ها-كودسءء"
    ],
    "hasni": [
        "هسني",
        "حسني",
        "هسنيا",
        "هسنا",
        "هاسني",
        "هسنيس",
        "هسنيد",
        "هسڽ",
        "هسنين",
        "هسنى"
    ],
    "hea''": [
        "هياءء",
        "هيءء",
        "هياءءء",
        "هياءءا",
        "إياءء",
        "هيءءء",
        "إيااءء",
        "هياءءس",
        "هيعءء",
        "إيهاءء"
    ],
    "hirang": [
        "هيرڠ",
        "هيرنڬ",
        "هيراڠ",
        "هيرڠء",
        "هير",
        "هيرنڬڬ",
        "هيرڬ",
        "هيرۏ",
        "هيررڬ",
        "هيرڠس"
    ],
    "hitch": [
        "هيتچه",
        "هيتۏه",
        "هيتهچ",
        "حيتچه",
        "هيتث",
        "هيتچهس",
        "هيتچي",
        "هيتچيه",
        "هيتسه",
        "هيتچهء"
    ],
    "homesick": [
        "هوميسيچق",
        "هوميسيكق",
        "هوميساچق",
        "هوميشيچق",
        "هوميچيچق",
        "هوميسيچقا",
        "حوميسيچق",
        "هومسيچق",
        "هوميسيك",
        "هوميثيچق"
    ],
    "hongssi": [
        "هوڠسسي",
        "هوڠسسا",
        "هڠ-سسي",
        "حوڠسسي",
        "هڠنسسي",
        "هونڬسسي",
        "هوڠسسيك",
        "هوڠسسيد",
        "هلڠسسي",
        "هوڠسسيو"
    ],
    "ini--teleskop": [
        "اين--تيليسكوڤ",
        "اين--تليسكوڤ",
        "اين--تريسكوڤ",
        "اين--تسلسكوڤ",
        "اين--تلسكوڤ",
        "اين--تيليايكسوڤ",
        "عني--تيليسكوڤ",
        "اين--تيليسكوڤا",
        "اين--ترلسكوڤ",
        "اين--تيليسكياڤ"
    ],
    "jitab": [
        "جيتب",
        "جتاب",
        "جتب",
        "جيتس",
        "جيتاب",
        "جيت",
        "جيت\"",
        "جيتۏ",
        "جيتز",
        "جيتسب"
    ],
    "julat": [
        "جولت",
        "جولات",
        "جوللت",
        "أولت",
        "اولت",
        "أولات",
        "جولة",
        "جولث",
        "جول",
        "جولتس"
    ],
    "k'ank'in": [
        "قءانقءين",
        "كءانقءين",
        "قءانكءين",
        "قءانقءان",
        "قءانقءن",
        "قءانقءاين",
        "قءانقءىن",
        "اقءانقءين",
        "قءانقءڽ",
        "قءانقء"
    ],
    "kachi": [
        "كاچي",
        "كچچي",
        "چاچي",
        "كاچيا",
        "كاكي",
        "كچچ",
        "كچ",
        "كڤچي",
        "كاچهي",
        "اكچي"
    ],
    "kawah": [
        "كاوه",
        "كوه",
        "كاه",
        "كاهو",
        "قاوه",
        "كاوح",
        "قوه",
        "عوه",
        "اكوه",
        "كوح"
    ],
    "kejadian'''''": [
        "كجادينءءءءء",
        "كجادنءءءءء",
        "كجادينءءءءءء",
        "كداجينءءءءء",
        "كجادانءءءءء",
        "كجاديانءءءءء",
        "كجدينءءءءء",
        "كجادينءءءءءا",
        "كجاجينءءءءء",
        "كجادينءنءءءء"
    ],
    "khmyny": [
        "خمايني",
        "خامايني",
        "كهمايني",
        "خمايڽ",
        "خايمايني",
        "قهمايني",
        "خمايۏي",
        "خىمايني",
        "چهمايني",
        "خمايڠي"
    ],
    "kolien": [
        "كوليان",
        "كوليين",
        "كوليارن",
        "كولياان",
        "كولياين",
        "كوليار",
        "كولين",
        "كليان",
        "كوليسن",
        "كوليسين"
    ],
    "kucharova": [
        "كوچروۏا",
        "كوچروۏ",
        "كوچرو\"",
        "كوچروۏا\"",
        "كوچرو\"ۏ",
        "كوچرو\"ا",
        "كوچرو-ۏ",
        "كوچلوۏا",
        "كوكروۏا",
        "كوچاروۏا"
    ],
    "lanset": [
        "لنسيت",
        "لانسيت",
        "لنست",
        "لنسيت\"",
        "لنسيتت",
        "لنستت",
        "لنسيتۏ",
        "لنسيتچ",
        "لنسنت",
        "لنشيت"
    ],
    "lautjalan": [
        "لاوتجالن",
        "لأوتجالن",
        "لاوتجلن",
        "لاوتذالن",
        "لاوطجالن",
        "لعوتجالن",
        "لاوتجالان",
        "لاوتجلان",
        "لوتجالن",
        "لاوجتالن"
    ],
    "lemforde": [
        "لمفورد",
        "ليمفورد",
        "لمفودري",
        "لمفوردي",
        "لمضورد",
        "ل مفورد",
        "لم فورد",
        "ليمفودري",
        "لمفودر",
        "للمفورد"
    ],
    "leukosis": [
        "لياوكوسيس",
        "لياوقاوسيس",
        "لياوكوبيس",
        "لياوكوصيس",
        "لياوكوساس",
        "لياوكوسياس",
        "لياوكاوسيس",
        "لياوكوديس",
        "لياوكواسيس",
        "لياواوكوسيس"
    ],
    "lillois": [
        "ليللويس",
        "ليلليواس",
        "ليللاوءيس",
        "ليلليوس",
        "ليللواس",
        "لللويس",
        "ليللوياس",
        "ليلليوسس",
        "ليلليويس",
        "ليلليوءيس"
    ],
    "linlithgow": [
        "لينليتهڬوو",
        "لينليتهڬو",
        "لينليتغوو",
        "لينليتشڠو",
        "لينلاتهڬوو",
        "لينليثڬوو",
        "لينليتهڠوو",
        "لينليتهڠو",
        "لينليتهڬويو",
        "لينليتهوڬو"
    ],
    "luhmann": [
        "لوهمنن",
        "للهمنن",
        "لوحمنن",
        "لهمنن",
        "لؤهمنن",
        "لومهنن",
        "لههمنن",
        "لحمنن",
        "لوفمنن",
        "لاوهمنن"
    ],
    "ma'ruf": [
        "مءروف",
        "مأروف",
        "ماراوف",
        "مأررف",
        "ماءروف",
        "مءاروف",
        "ماروف",
        "مأررض",
        "مڤروف",
        "ماڤروف"
    ],
    "machinfabrik": [
        "مچينفابريق",
        "مچينفابريك",
        "مچينفابريب",
        "مچينفابري",
        "مچينفابروك",
        "مچينفابريبق",
        "مچينفابروئ",
        "مچينفبريق",
        "مچينفابروق",
        "مچينفابرياق"
    ],
    "maghbal": [
        "مغبل",
        "مڬهبل",
        "مغبال",
        "مغبلل",
        "مطبال",
        "مغبلا",
        "مطبل",
        "مغبلر",
        "مغبول",
        "مغابل"
    ],
    "mefistofele''": [
        "مفيستوفيليءء",
        "مضيستوفيليءء",
        "مفيستاوفيليءء",
        "مفيستوفليءء",
        "مفيستوفيلءء",
        "مفيستوفيليء",
        "مفايستوفيليءء",
        "مفرستوفيليءء",
        "ميفيستوفيليءء",
        "مفيستيفيليءء"
    ],
    "meneka-neka": [
        "منك-نيك",
        "منكا-نيك",
        "منكا-نيكا",
        "منك-نيكا",
        "منك-نيكي",
        "منكا-نيكي",
        "مناك-نيك",
        "منك-نكا",
        "منك-نيككا",
        "منك-نيك-"
    ],
    "mengelisahkan": [
        "مڠليسهكن",
        "مڠليشايكن",
        "مڠليساهكن",
        "مڠليصهكن",
        "مڠليشانكن",
        "منڬليسهكن",
        "مڠليشايكان",
        "مڠليشاوكن",
        "مڠليشاكن",
        "مڠليسحكن"
    ],
    "methenium": [
        "متيهنيوم",
        "مثينيوم",
        "مثينياوم",
        "متهينياوم",
        "متيهنياوم",
        "ميتهينياوم",
        "متيهانياوم",
        "مطانياوم",
        "مطانيوم",
        "مطينيوم"
    ],
    "metropolitanos": [
        "ميتروڤوليتانوس",
        "ميتروڤوليتناوس",
        "متروڤوليتانوس",
        "ميتروڤولوتانوس",
        "ميتروروليتانوس",
        "منتروڤوليتانوس",
        "ميتروڬوليتانوس",
        "ميتروڤوليتنوس",
        "ميتروڤاوليتناوس",
        "ميتروڤوليتأنوس"
    ],
    "minarsih": [
        "مينرسيه",
        "مينارسيه",
        "مينرسي",
        "مينرسيح",
        "مينرسيّ",
        "مينارسي",
        "مىنرسيه",
        "ممنرسيه",
        "مينرسيبه",
        "مينرصيه"
    ],
    "minimoto": [
        "مينيموتو",
        "مينيماوتو",
        "مينيموتي",
        "مينينوتو",
        "مينيميتو",
        "مينيلموتو",
        "منيموتو",
        "مينيموتيو",
        "مينيايموتو",
        "ماينموتو"
    ],
    "modisane": [
        "موديساني",
        "موديسناي",
        "موديسان",
        "موديسني",
        "موداساني",
        "موديسانياي",
        "موديسن",
        "موديسنا",
        "مودساني",
        "موديسنان"
    ],
    "muhaidin": [
        "موهيدين",
        "موهدين",
        "موهديدين",
        "موهايدين",
        "موهضيدين",
        "موهديتين",
        "موهادين",
        "موهيدن",
        "موهٓدين",
        "موهديتن"
    ],
    "mulilo": [
        "موليلو",
        "مليلو",
        "موليلوڬو",
        "مليلاو",
        "موليلوڬ",
        "مولالو",
        "مولليو",
        "موليلوڬي",
        "موللاو",
        "موليلاو"
    ],
    "multics": [
        "مولتيچس",
        "ملتيچس",
        "مولتيكس",
        "مولتيچسب",
        "مولتاچس",
        "مولتيچس\"",
        "مولتيچث",
        "مولتيچسس",
        "مولتيسچ",
        "مولتيچسك"
    ],
    "muwahhidin": [
        "مووههيدين",
        "موواههيدين",
        "مووهحيدين",
        "مووإههيدين",
        "مووههدين",
        "موهوهيدين",
        "مووههيدينن",
        "موهاهيدين",
        "مووهضيدين",
        "مووحهيدين"
    ],
    "naro-": [
        "نارو-",
        "نراو-",
        "ناراو-",
        "نورو-",
        "ناارو-",
        "نرو-",
        "ڽارو-",
        "مارو-",
        "ناروث",
        "نارو-ا"
    ],
    "narranga": [
        "نرراڠ",
        "نرراڠا",
        "نررنڬ",
        "نرراڠي",
        "نررانڬ",
        "نررڠا",
        "نرراڠاا",
        "نرراڠتا",
        "نرراڠسا",
        "نرراڬ"
    ],
    "ngit": [
        "ڠيت",
        "ڠات",
        "نڬيت",
        "ڠيث",
        "ڠيتس",
        "ريت",
        "ڠيت\"",
        "ڠيتك",
        "ڠيتا",
        "ڠيتد"
    ],
    "ngwokoma": [
        "ڠووكوم",
        "ڠووكوما",
        "ڠووقوم",
        "ڠووقوما",
        "ڠووكومت",
        "ڠووكومق",
        "ڠووكمو",
        "نڬووكوم",
        "نڬووكوما",
        "لڠووكوم"
    ],
    "nikisuwo": [
        "نيكيسووو",
        "نئكيسووو",
        "نئكيسوو",
        "نيكيسوو",
        "نكيسووو",
        "نئيسووو",
        "نئايسووو",
        "نقايسووو",
        "نئعيسووو",
        "نئٓيسووو"
    ],
    "nuvaring": [
        "نوۏاريڠ",
        "نوۏارينڬ",
        "نوۏاروڠ",
        "نوۏاريڬ",
        "ڠوۏاريڠ",
        "نوۏااريڠ",
        "نوۏارايڠ",
        "نونۏاريڠ",
        "نوۏاريوڠ",
        "نوڤاريڠ"
    ],
    "olimpiad": [
        "اوليمڤياد",
        "اوليماياد",
        "اوليمڤيادد",
        "اولومڤياد",
        "اوليمڤيادي",
        "اليمڤياد",
        "اوليمڤيادس",
        "اوليڤمياد",
        "اوليمڤواد",
        "اوليمڤيد"
    ],
    "open-access": [
        "اوڤن-اچچسس",
        "اوڤين-اچچسس",
        "اوڤان-اچچسس",
        "اوءن-اچچسس",
        "اوءني-اچچسس",
        "اوڤن-اچۏسس",
        "اوءنب-اچچسس",
        "اوڤن-اچۏيسس",
        "اوڤن-اچچاسس",
        "اوڤن-اچ٢سس"
    ],
    "pambangunan": [
        "ڤمباڠونن",
        "ڤامباڠونن",
        "ڤمباڠونان",
        "ڤنمباڠونن",
        "ڤامبڠونن",
        "ڤمبڠونن",
        "ڤيمباڠونن",
        "ڤنباڠونن",
        "ڤنمبڠونن",
        "ڤمباڠوانن"
    ],
    "panther": [
        "ڤنتيهر",
        "ڤانتيهر",
        "ڤنتهير",
        "ڤينتيهر",
        "ڤنترهر",
        "ڤتنيفر",
        "ڤتنيهر",
        "ڤتنهير",
        "ڤنتاهر",
        "ڤنترهار"
    ],
    "penaflorida": [
        "ڤنافلوريدا",
        "ڤنفلوريدا",
        "ڤنافلوريد",
        "ڤنتفوريدا",
        "ڤنتلوريدا",
        "ڤنافلوريضا",
        "ڤينفلوريدا",
        "ڤنچفوريدا",
        "ڤنتروريدا",
        "ڤنڤحلوريدا"
    ],
    "penisbahan": [
        "ڤنيسباهن",
        "ڤنيسبهان",
        "ڤناسباهن",
        "ڤنيسبهن",
        "ڤنسباهن",
        "ڤناسبهان",
        "ڤنيسبأهن",
        "ڤنيسبااهن",
        "ڤنيسبنهن",
        "ڤنيسبانهن"
    ],
    "penth": [
        "ڤينث",
        "ڤينثي",
        "ڤينته",
        "ڤينثو",
        "ڤينتش",
        "ڤينثا",
        "ڤينث-",
        "ڤين تيه",
        "ڤينشت",
        "ڤينتيه"
    ],
    "peny-": [
        "ڤيني-",
        "ڤنڽ-",
        "ڤن-ي",
        "ڤيني-ڬ",
        "ڤيني-ج",
        "ڤني-",
        "ڤين-ي",
        "ڤيني-د",
        "ڤينڽ-",
        "ڤيني-ب"
    ],
    "pependang": [
        "ڤڤنداڠ",
        "ڤڤندڠ",
        "ڤڤاينداڠ",
        "ڤڤرداڠ",
        "ڤڤرنڬڠ",
        "ڤڤرنڬ",
        "ڤڤن-اڠ",
        "ڤڤانداڠ",
        "ڤڤينداڠ",
        "ڤڤرنداڠ"
    ],
    "perawatan": [
        "ڤراوطن",
        "ڤراوتن",
        "ڤراواتن",
        "ڤراوتان",
        "ڤراوطان",
        "ڤراوطتن",
        "ڤراوةن",
        "ڤراوطڽ",
        "ڤراواتان",
        "ڤراواطن"
    ],
    "pharmaceutical": [
        "فارمچاييوتيچل",
        "فارمچاييوڬيچل",
        "فارماچاوتيچل",
        "فارمچاوتيچل",
        "فارماچايوتيچل",
        "فارمچايوتيچل",
        "فارمچاييوڬيتل",
        "فارماچايتوچل",
        "فارمچاييوڤيتل",
        "فارمچاييوڠيچل"
    ],
    "phillipines": [
        "فيلليڤينيس",
        "\"هيلليڤينيس",
        "فيلليڤينايس",
        "فيلليڤيني",
        "فيلليڤين",
        "فيلليڤينيايس",
        "ڤهيلليڤينيس",
        "فيلليڤينس",
        "\"فيلليڤينيس",
        "\"يلليڤينيس"
    ],
    "phonesavanh": [
        "فونساۏانه",
        "فونساۏنه",
        "فوسناۏانه",
        "فوچنسۏنه",
        "فوسنابنه",
        "فونسۏنه",
        "فوسناسۏنه",
        "فوچساۏانه",
        "فومنسۏنه",
        "فوچناسۏنه"
    ],
    "pilli": [
        "ڤيللي",
        "ڤيلليا",
        "ڤيلل",
        "ڤيلليچ",
        "ڤيللا",
        "ڤيلليت",
        "ڤيلليسي",
        "ڤيلليي",
        "ڤيلليء",
        "ڤيلليتي"
    ],
    "plural": [
        "ڤلورال",
        "ڤلولر",
        "ڤلورل",
        "ڤلورالك",
        "لڤورال",
        "ڤلوارال",
        "ڤلورالر",
        "اللورل",
        "\"لورال",
        "ڤلورالي"
    ],
    "pnerbit": [
        "ڤنربيت",
        "ڤناربيت",
        "تنربيت",
        "ڤينربيت",
        "ڤنيربيت",
        "ڤنربيتت",
        "ڤنربوت",
        "ڤننربيت",
        "ڤنربيت\"",
        "ڤانربيت"
    ],
    "pocari": [
        "ڤوچاري",
        "ڤوچري",
        "ڤوكاري",
        "ڤوچارو",
        "ڤوچارا",
        "ڤوڤري",
        "ڤوچاريا",
        "ڤوچتري",
        "ڤوچاروي",
        "ڤوكري"
    ],
    "rayang": [
        "رايڠ",
        "راينڬ",
        "رايڽ",
        "راين",
        "رايۏ",
        "رأيڠ",
        "ريڽ",
        "راياڠ",
        "رايڠ",
        "راي٢"
    ],
    "realidad": [
        "رياليدد",
        "رياليداد",
        "رياليد",
        "رياليدىد",
        "ريالايداد",
        "ريالداد",
        "رياليدض",
        "رياليدتد",
        "رياليد-د",
        "ريااليداد"
    ],
    "rekododa": [
        "ريكودودا",
        "ريكودود",
        "ركودودا",
        "ريدوكود",
        "ريكودوداي",
        "ركاودودا",
        "ريدودودا",
        "ريكودوضا",
        "ردكودودا",
        "ريكودودال"
    ],
    "roemani": [
        "روايمنا",
        "روايماني",
        "روايمني",
        "روايمانا",
        "رواماني",
        "روايمينا",
        "روامنا",
        "روايميني",
        "روعماني",
        "رومينا"
    ],
    "roland-peel": [
        "رولند-ڤايل",
        "رولن-د-ايل",
        "رولن-د-ڤايل",
        "رولند-ڤال",
        "رولن-د-ايس",
        "رولند-ڤايلك",
        "رولن-د-ايڤل",
        "رولاند-ڤايل",
        "رولن-د-ايسل",
        "رولن-د-ايكل"
    ],
    "rtsp": [
        "رثڤ",
        "رثس",
        "رثسڤ",
        "رث ڤي",
        "رثچ",
        "رتسڤ",
        "رشڤ",
        "رثچڤ",
        "رث",
        "رث٢"
    ],
    "sahi": [
        "ساهي",
        "سها",
        "سأهي",
        "صها",
        "صهي",
        "سهي",
        "شاهي",
        "سأي",
        "سيهي",
        "سىهي"
    ],
    "sands''": [
        "ساندسءء",
        "سندسءء",
        "سانسدءء",
        "ساندسءءا",
        "ساندسءءس",
        "ساندسءءد",
        "ساندسءءء",
        "صندسءء",
        "ساندسءء",
        "ساندسءءل"
    ],
    "shebelle": [
        "سهيبيللي",
        "سهببللي",
        "سهيبيلليدي",
        "سحيبيللي",
        "شيبيللي",
        "سهيبيلليد",
        "سهيبيللياي",
        "سهيبيلل",
        "سهيبيلليڬي",
        "سهيبيللي\""
    ],
    "sheoak": [
        "سهياواك",
        "سهياواق",
        "سهياوق",
        "سهياواكق",
        "سهياواكا",
        "سهياوع",
        "سهياوأك",
        "سهياوعق",
        "سهياياق",
        "سهياوزق"
    ],
    "shimamotodia": [
        "شيمموتودي",
        "شيمموتوديا",
        "شيماموتوديا",
        "شيمموتودأ",
        "شيموموتودي",
        "شيمماوتوديا",
        "شيموموتوديا",
        "شيمموتودا",
        "شيمموتوداي",
        "شيماوتوديا"
    ],
    "sixty": [
        "سيايك ستي",
        "سيايل ستي",
        "سيايل تي",
        "سيايس تي",
        "سياي ك ستي",
        "سياي ستي",
        "سيايك ستيء",
        "سيايستي",
        "صيايك ستي",
        "سيايايك ستي"
    ],
    "soewirjo": [
        "سوايويرجو",
        "سواويرجو",
        "سوايوراجو",
        "سوايورجو",
        "سواوويرجو",
        "سواوايرجو",
        "سواويورجو",
        "سوايوارجو",
        "سواويرجاو",
        "سواوريجو"
    ],
    "sonsang\"": [
        "سونسڠ\"",
        "سونسڬۏ",
        "سونسڬ\"",
        "السنسڬ\"",
        "السنسڠ\"",
        "سونسڬۏ\"",
        "اسونسڠ\"",
        "سونساڠ\"",
        "سونسڬن\"",
        "سونسڠء\""
    ],
    "sujiwo": [
        "سوجيوو",
        "سوجيو",
        "سوجويو",
        "سوجوو",
        "سوجيوي",
        "صوجيوو",
        "سوجيويو",
        "سجووو",
        "سوجيوج",
        "سوجيوهو"
    ],
    "talampakan": [
        "تالمڤاكن",
        "تلمڤاكن",
        "تلامڤاكن",
        "طالمڤاكن",
        "طلامڤاكن",
        "تالمڤاكان",
        "تالمڤكن",
        "تالمڤاك",
        "طلمڤاكن",
        "تالمڤنكن"
    ],
    "taliabu": [
        "تاليابو",
        "طاليابو",
        "طالاابو",
        "طالايباو",
        "طالايبو",
        "طالىابو",
        "طليابو",
        "طلايابو",
        "طلايبو",
        "تالياباو"
    ],
    "tama'ninah": [
        "تمءنينه",
        "تامءنينه",
        "تمتنينه",
        "تمتأنينه",
        "تمتانينه",
        "تمانءينه",
        "تمئنينه",
        "تمءنيناه",
        "طمءنينه",
        "تمنءينه"
    ],
    "tambuluran": [
        "تمبولورن",
        "تمبولوران",
        "تمڬولورن",
        "تمبولوارن",
        "تمبوليرن",
        "تمبولونرن",
        "تمبولورن\"",
        "تمرولورن",
        "تمبولاورن",
        "ثمبولورن"
    ],
    "telegrafie": [
        "تيليڬرافي",
        "تيليڬرافياي",
        "تليڬرافي",
        "تيليجرافي",
        "تيليڬرافيي",
        "تليڬرافياي",
        "تيليڬرافيا",
        "تيليدرافي",
        "تيليجرافياي",
        "تيليڬرافياياي"
    ],
    "temmengong": [
        "تممڠوڠ",
        "تممڠوڬ",
        "تمماڠاوڠ",
        "تمماڠوڠ",
        "تيممڠوڠ",
        "تممڠوۏ",
        "تمامڠوڠ",
        "تمالأڠوڠ",
        "تمايلڠوڠ",
        "تمايمڠوڠ"
    ],
    "threlfall'''": [
        "ثريلفاللءءء",
        "ترحايلفاللءءء",
        "ترحالفاللءءء",
        "ترحلفاللءءء",
        "ترحيلفاللءءء",
        "ترهلفاللءءء",
        "ثريلفتللءءء",
        "ترهيلفاللءءء",
        "تهريلفاللءءء",
        "شريلفاللءءء"
    ],
    "tiksotropi": [
        "تيقسوتروڤي",
        "تيكسوتروڤي",
        "تيكساوتروڤي",
        "تيكساوتروڤا",
        "تيقسوتلوڤي",
        "تيئكسوتروڤي",
        "تيقصوتروڤي",
        "تيقسوتورڤي",
        "تيك ساوتروڤا",
        "تيك ساوتروڤي"
    ],
    "tokek": [
        "توكيق",
        "توكيك",
        "توكيم",
        "توكياق",
        "توقيق",
        "توكياك",
        "توكي",
        "توديق",
        "توكيقء",
        "توقيك"
    ],
    "tongkang": [
        "توڠكڠ",
        "توڠكنڬ",
        "تولڠكڠ",
        "تورڠكڠ",
        "تووڠكڠ",
        "توڠڠك",
        "توڠكڽ",
        "تولڠك",
        "توڠقڠ",
        "توڠكڠا"
    ],
    "torpedonostsy": [
        "تورڤدونوسثي",
        "تورڤودونوسثي",
        "تورڤدونوسشتي",
        "تورڤدونوسثوي",
        "تورڤدونوستش",
        "تورڤدونوسثو",
        "تورڤايدونوسثي",
        "تورڤاودونوسثي",
        "تورڤيدونوسثي",
        "تورڤدونوسث"
    ],
    "tradiri": [
        "تراديري",
        "تراديرا",
        "ترادير",
        "تراديرين",
        "تراضيري",
        "تاراديري",
        "تراديريس",
        "تارديري",
        "ترادري",
        "تردايري"
    ],
    "tyrans": [
        "تيرنس",
        "ترنس",
        "تيرانس",
        "ترانس",
        "طيرنس",
        "يترنس",
        "تيرنس\"",
        "طرنس",
        "تيرنسه",
        "تيرنسب"
    ],
    "usage": [
        "اوسڬ",
        "اوسڬي",
        "أصيڬ",
        "أوسڬ",
        "أساڬ",
        "أساڬي",
        "اواسڬ",
        "اوسد",
        "أسڬ",
        "اولڬ"
    ],
    "wal": [
        "ول",
        "ول\"",
        "ولچ",
        "وال",
        "ولء",
        "ولك",
        "ولب",
        "ولۏ",
        "ولد",
        "ولس"
    ],
    "walle'''": [
        "ولليءءء",
        "ولزيءءء",
        "ولايءءء",
        "ولالءءء",
        "ولليءءءء",
        "ولليءءءا",
        "وللءءء",
        "ولٓءءء",
        "والليءءء",
        "وليءءء"
    ],
    "wlayah": [
        "ولايه",
        "ولاي",
        "لويه",
        "ولاايه",
        "ولاية",
        "ولاين",
        "لوايه",
        "لوإيه",
        "ولاهي",
        "ولايهه"
    ],
    "xie": [
        "زياي",
        "ايزياي",
        "زياياي",
        "إزياي",
        "زي",
        "زااي",
        "زيا",
        "زيايڬ",
        "زيايد",
        "زيايب"
    ],
    "yatna": [
        "يتنا",
        "يتنا\"",
        "يتان",
        "يتناء",
        "يتن",
        "يتناا",
        "يتانا",
        "يةنا",
        "يتنى",
        "يتنع"
    ],
    "zaki''": [
        "زاكيءء",
        "زكيءء",
        "زيكيءء",
        "ذاكيءء",
        "ظاكيءء",
        "زاكيءءا",
        "زاكيءءء",
        "زاكيءءس",
        "زاكيءءد",
        "ظكيءء"
    ],
    "zi-ka-wei": [
        "زي-كا-ويا",
        "زي-كا-وي",
        "زي-ك-ويا",
        "زي-كا-ويي",
        "زي-كا-ويئ",
        "زي-كا-ويهي",
        "زي-كا-ويإي",
        "زي--ا-ويا",
        "زي-ك-وي",
        "ذي-كا-ويا"
    ]
}